evidence_id,domain,population,geography,design,sample,measure_or_basis,reported_result,causal_claim_allowed,main_limitations,source_id,product_implication
SP-001,depression; suicidal ideation,undergraduate medical students,47 countries,systematic review and meta-analysis,195 studies; 129123 students,multiple screening definitions and recall periods,depression/depressive symptoms 27.2%; suicidal ideation 11.1%; 15.7% of screen-positive students reportedly sought treatment,no,high heterogeneity; screen is not diagnosis; treatment subset varies,MED-087,private support discovery; no individual prediction
SP-002,anxiety,medical students,global,meta-analysis,69 studies; 40348 students,study-defined anxiety screens,pooled 33.8% (95% CI 29.2-38.7),no,instrument and geographic heterogeneity; cross-sectional studies,MED-088,do not localize pooled result to Pakistan
SP-003,burnout,pre-residency medical students,global,systematic review and meta-analysis,24 studies; 17431 students,validated burnout questionnaires with differing definitions,pooled current burnout 44.2% (95% CI 33.4-55.0),no,wide interval; tool and threshold variation,MED-089,no app-derived burnout score
SP-004,sleep; daytime sleepiness,medical students,13 countries,systematic review and meta-analysis,43 studies; 18619 students,PSQI; ESS; sleep duration,poor sleep 55%; daytime sleepiness 31.0%; mean sleep 6.3 hours,no,observational; country variation; self-report,MED-090,quiet hours and flexible reminders
SP-005,harassment; discrimination,medical trainees,global,systematic review and meta-analysis,51 studies,study-defined harassment and discrimination,59.4% reported at least one form,no,definitions and trainee levels vary; mostly self-report,MED-091,separate safety/reporting routes from wellbeing care
SP-006,depressive symptoms,medical students,Pakistan,systematic review and meta-analysis,71 studies; 72 estimates; about 23000 students,DASS-21; PHQ-9; HADS; BDI and others,range 9%-94%; I2=99.15%,no,extreme heterogeneity; publication bias; varied cutoffs and sampling,MED-092,do not publish one Pakistan rate or college ranking
SP-007,mental distress,undergraduate medical students,Pakistan,systematic review,18 studies reviewed in detail,mixed depression/anxiety/stress screens,reported study estimates varied widely; academic burden and examinations recurring factors,no,search/review-method limitations; mixed measures; mostly cross-sectional,MED-093,use as problem discovery not prevalence prediction
SP-008,anxiety; depression,medical students at six schools,Pakistan,cross-sectional convenience sample,437 students,AKUADS threshold used by study,45.5% screen-positive for combined symptoms,no,convenience sample; cross-sectional; combined scale,MED-094,no diagnosis from exam failure or study hours
SP-009,burnout; support needs,students self-reporting relevant experience,Rawalpindi and Islamabad Pakistan,qualitative; one focus group,12 students,thematic analysis,six themes including workload clinical exhaustion weak support financial/family pressure and career uncertainty,no,purposive small sample; no prevalence inference,MED-095,system-level support and co-design hypotheses
SP-010,burnout; income; sleep,medical students at one college,Islamabad Pakistan,cross-sectional,284 students,BCSQ-12,low household income and sleep deprivation associated with burnout measures,no,single institution; self-report; temporality unknown,MED-096,never use income as hidden wellbeing-risk feature
SP-011,bullying; harassment,final-year students at six colleges,Pakistan,cross-sectional survey,data reported by source; final-year respondents,self-report questionnaire,52% reported bullying/harassment; consultants frequent reported source,no,2008 data; final-year only; self-report,MED-097,show verified institutional and independent routes
SP-012,mistreatment; belittlement,medical students at one private school,Karachi Pakistan,cross-sectional survey,232 respondents,29-item mistreatment questionnaire; GHQ-12,62.5% reported mistreatment; no significant morbidity association in sample,no,2010 publication; one private institution; nonresponse and self-report,MED-098,mental-health symptoms must not gate incident support
SP-013,academic stress; sleep,medical students at one private school,Lahore Pakistan,cross-sectional survey,263 respondents,PSS-14; PSQI,59.7% high stress; 77.0% poor sleepers; association reported,no,one school; cross-sectional; no diagnostic inference,MED-099,separate workload and sleep check-ins
SP-014,learning environment; QoL; burnout,students at six public/private colleges,Lahore Pakistan,cross-sectional,3400 students,JHLES; single-item QoL and burnout dimensions,mean JHLES 81.7; complex associations with burnout/QoL,no,Lahore only; cross-sectional; self-report and single items,MED-100,no college league table from survey scores
SP-015,smartphone overuse; sleep,medical students,multiple countries,systematic review and meta-analysis,16 studies; 9466 students,SAS-SV and related measures; PSQI,smartphone-addiction label 39%; poor sleep 57%; correlation r=0.30,no,high heterogeneity; observational; educational use unclear,MED-101,distinguish purpose from total device time
SP-016,financial stress; career choice,medical students,Pakistan,qualitative study,see source,thematic analysis,five themes spanning costs academics career wellbeing and policy responses,no,qualitative evidence does not estimate prevalence,MED-102,user-entered budgeting and verified support only
SP-017,mental-health self-stigma,medical students and doctors,multiple countries,systematic review of interventions,5 publications,self-stigma/help-seeking subscale,3 studies reported improvements; none explicitly designed to reduce self-stigma,limited intervention effect only,small literature; moderate quality; little follow-up,MED-103,no promise that a module changes help-seeking
SP-018,suicidal thoughts; digital support,people with recent suicidal thoughts/plans or self-harm,global guidance,WHO evidence recommendation,not applicable,evidence review for CBT DBT PST and mindfulness digital interventions,conditional recommendation; low certainty,only within recommendation scope,low certainty; not authorization for general app triage,MED-104,human routing; no automated diagnosis or acute-risk management
SP-019,harassment procedure,HEI community,Pakistan,official policy,not applicable,institutional prohibition and procedure,inquiry committee reporting confidentiality and procedural timeframes specified,policy requirement only,implementation and outcomes not measured,MED-105,link current route; disclose whether product stores/transmits report
SP-020,student support; wellbeing,MBBS students,Pakistan,official accreditation standard,not applicable,medical-college essential standards,psychological academic and career counselling access plus wellbeing mechanisms required,standard requirement only,presence and service quality not nationally verified,MED-106,institution fields need first-party evidence and expiry date
SP-021,burnout,clinical-year medical students,Karachi Pakistan,cross-sectional,600 students,MBI-HSS,18.2% met study burnout definition,no,city/years sampled; cross-sectional; definition differs from other studies,MED-107,preserve tool and cutoff with any result
SP-022,burnout; resilience,medical and dental students at one university,Karachi Pakistan,cross-sectional,392 students,BAT-23; BRS,38% high total burnout; 80% academic burnout,no,single institution; mixed programs; distinct constructs/cutoffs,MED-108,do not compare directly with MBI or BCSQ estimates
SP-023,stigma; help-seeking,mixed populations including university students,multiple countries,systematic review,144 studies; 90189 participants,quantitative and qualitative stigma/help-seeking measures,median association d=-0.27; disclosure concerns prominent,no,not medical-student- or Pakistan-specific overall,MED-109,private browsing and precise confidentiality language
