source_id,type,organization_or_authors,title,year,journal_or_publisher,doi,url,accessed_utc,geography,used_in,notes
MED-001,official guideline,Pakistan Medical and Dental Council,Guidelines for Undergraduate Medical Education MBBS Curriculum,2024,PM&DC,,https://pmdc.pk/Documents/Others/PM%26DC%20GUIDELINES%20FOR%20UG%20M.EDUCATION-06242024035407.pdf,2026-09-30,Pakistan,taxonomy/PROGRAMS_COMPLETE.md,"Five-year MBBS; minimum 6200 hours; curricular framework"
MED-002,regulation,Pakistan Medical and Dental Council,Medical and Dental Undergraduate Education Admissions Curriculum and Conduct Policy and Regulations 2025,2025,PM&DC,,https://pmdc.pk/Documents/law/Admissions%20Regulations-2025.pdf,2026-09-30,Pakistan,taxonomy/PROGRAMS_COMPLETE.md,"Current admission and curriculum regulation reviewed"
MED-003,official press release,Pakistan Medical and Dental Council,PMDC Extends BDS Program from 4 years to 5 Years,2024,PM&DC,,https://pmdc.pk/Publication/PressReleases,2026-09-30,Pakistan,taxonomy/PROGRAMS_COMPLETE.md,"Press-release index records policy announcement; implementation conflict flagged"
MED-004,official standard,Pakistan Medical and Dental Council,BDS Inspection Proforma for Dental College up to 100 Admission per year,2025,PM&DC,,https://pmdc.pk/Documents/Others/BDS%20Inspection%20Performa%20for%20Dental%20College%20up%20to%20100%20Admission%20per%20year.pdf,2026-09-30,Pakistan,taxonomy/PROGRAMS_COMPLETE.md,"Refers to four curriculum years; conflicts with 2024 five-year announcement"
MED-005,official curriculum,Higher Education Commission Pakistan,Doctor of Physical Therapy 5-Year Semester Based Degree Program,2025,HEC,,https://www.hec.gov.pk/english/services/universities/RevisedCurricula/Documents/2024-2025/DPT.pdf,2026-09-30,Pakistan,taxonomy/PROGRAMS_COMPLETE.md,"Official version notified 18 April 2025"
MED-006,official curriculum,Higher Education Commission Pakistan,Doctor of Pharmacy Pharm D Curriculum,2025,HEC,,https://www.hec.gov.pk/english/services/universities/RevisedCurricula/Documents/2024-2025/Pharm.D.pdf,2026-09-30,Pakistan,taxonomy/PROGRAMS_COMPLETE.md,"Five-year program; Pharmacy Council contributed Annex A"
MED-007,official regulator page,Pharmacy Council of Pakistan,Official Portal and Regulatory Mandate,2026,PCP,,https://pcpisb.gov.pk/,2026-09-30,Pakistan,taxonomy/PROGRAMS_COMPLETE.md,"Verify institution and Register A/B status at point of use"
MED-008,official curriculum,Higher Education Commission Pakistan and Pakistan Nursing and Midwifery Council,BS in Nursing and MS in Nursing Revised Curriculum,2024,HEC,,https://www.hec.gov.pk/english/services/universities/RevisedCurricula/Documents/2023-2024/HEC%20Curriculum%20BSN-MSN%202024.pdf,2026-09-30,Pakistan,taxonomy/PROGRAMS_COMPLETE.md,"Four-year BSN professional degree"
MED-009,official regulator page,Pakistan Nursing and Midwifery Council,Admission Criteria,2026,PNMC,,https://pnmc.gov.pk/admission-criteria/,2026-09-30,Pakistan,taxonomy/PROGRAMS_COMPLETE.md,"Degree and diploma pathways; page is mutable"
MED-010,statute,Pakistan Nursing and Midwifery Council,Pakistan Nursing Council Amended Act 2023,2023,Gazette of Pakistan,,https://pnmc.gov.pk/wp-content/uploads/2023/09/PNMC-Amended-Act-2023.pdf,2026-09-30,Pakistan,taxonomy/PROGRAMS_COMPLETE.md,"Recognized qualification schedule and CNS definition"
MED-011,official curriculum,Higher Education Commission Pakistan,Curriculum of BS in Midwifery,2024,HEC,,https://www.hec.gov.pk/english/services/universities/RevisedCurricula/Documents/2023-2024/HEC%20Curriculum%20Midwifery%202024.pdf,2026-09-30,Pakistan,taxonomy/PROGRAMS_COMPLETE.md,"Four-year BSM pathway"
MED-012,statute,Government of Pakistan,Allied Health Professionals Council Act 2022,2022,Pakistan Code,,https://pakistancode.gov.pk/pdffiles/administrator85ca72c783ea32f5ab4b113a704d9662.pdf,2026-09-30,Pakistan,taxonomy/PROGRAMS_COMPLETE.md,"Legal definition and Schedule I; licensing provisions"
MED-013,official regulator page,Allied Health Professionals Council,Our Disciplines,2026,AHPC,,https://www.ahpc.org.pk/our-disciplines.html,2026-09-30,Pakistan,taxonomy/PROGRAMS_COMPLETE.md,"Current web list extends original statutory schedule; mutable"
MED-014,official curriculum,Higher Education Commission Pakistan,Allied Health Sciences BS Programs Curricula,2026,HEC,,https://www.hec.gov.pk/english/services/universities/RevisedCurricula/Documents/2025-2026/Allied-Health-Sciences.pdf,2026-09-30,Pakistan,taxonomy/PROGRAMS_COMPLETE.md,"Ten named eight-semester BS curricula"
MED-015,official news,Higher Education Commission Pakistan,HEC Finalises Curriculum for Bachelor of Occupational Therapy Programme,2026,HEC,,https://www.hec.gov.pk/english/news/news/Pages/Therapy-Programme.aspx,2026-09-30,Pakistan,taxonomy/PROGRAMS_COMPLETE.md,"Finalisation announcement; published booklet not located in revised curriculum index during review"
MED-016,official curriculum,Higher Education Commission Pakistan,Human Nutrition and Dietetics Curriculum,2025,HEC,,https://www.hec.gov.pk/english/services/universities/RevisedCurricula/Documents/2024-2025/HUMAN-NUTRITION-DIETETICS.pdf,2026-09-30,Pakistan,taxonomy/PROGRAMS_COMPLETE.md,"AD and four-year BS; internship requirement"
MED-017,official curriculum,Higher Education Commission Pakistan,Public Health Curriculum,2025,HEC,,https://www.hec.gov.pk/english/services/universities/RevisedCurricula/Documents/2024-2025/Public-Health.pdf,2026-09-30,Pakistan,taxonomy/PROGRAMS_COMPLETE.md,"AD BSPH and MSPH framework; BSPH minimum 125 credits"
MED-018,official curriculum,Pakistan Veterinary Medical Council,PVMC Approved DVM Curriculum 2020,2020,PVMC,,https://pvmc.gov.pk/SiteImage/Downloads/PVMC%20APPROVED%20DVM%20CURRICULUM%202020%20WITH%20HOLY%20QURAN%20TRANSLATION%20ETHICS.pdf,2026-09-30,Pakistan,taxonomy/PROGRAMS_COMPLETE.md,"Ten-semester DVM curriculum including internship"
MED-019,official regulation,Pakistan Veterinary Medical Council,PVMC Accreditation and Equivalence Regulations 2015,2015,PVMC,,https://pvmc.gov.pk/SiteImage/Downloads/PVMC-Accreditation-and-Equivalence-Regulations-2015.pdf,2026-09-30,Pakistan,taxonomy/PROGRAMS_COMPLETE.md,"DVM program accreditation distinct from PG/doctorate permissions"
MED-020,official regulator page,Pakistan Veterinary Medical Council,Accredited and Recognized Institutions,2026,PVMC,,https://pvmc.gov.pk/Detail/Y2I2YzBjMDItNTRiZS00NzE0LThhODYtMmQyM2U2ZWNkN2U0,2026-09-30,Pakistan,taxonomy/PROGRAMS_COMPLETE.md,"Current institutional status is mutable"
MED-021,official curriculum,National Council for Tibb and Higher Education Commission,HEC Approved Syllabus for BEMS,2015,NCT,,https://nct.gov.pk/documents/HEC-Approved-Syllabus-for-BEMS_fb5e.pdf,2026-09-30,Pakistan,taxonomy/PROGRAMS_COMPLETE.md,"Five years ten semesters 222 credits plus one-year house job"
MED-022,official regulator page,National Council for Tibb,National Council for Tibb official portal,2026,NCT,,https://www.nct.gov.pk/,2026-09-30,Pakistan,taxonomy/PROGRAMS_COMPLETE.md,"Regulator mandate and student recognition alert"
MED-023,official regulator page,National Council for Tibb,Registration process for FTJ and BEMS,2026,NCT,,https://nct.gov.pk/NCT-Educations/Process-of-Registration-,2026-09-30,Pakistan,taxonomy/PROGRAMS_COMPLETE.md,"Registration requires qualification and house-job documentation"
MED-024,official curriculum,National Council for Homoeopathy and Higher Education Commission,BHMS Syllabus,2010,NCH,,https://nchpakistan.gov.pk/images/UploadImages/BHMS-Syllabusea2.pdf,2026-09-30,Pakistan,taxonomy/PROGRAMS_COMPLETE.md,"Five years ten semesters 176 credit hours"
MED-025,official regulator page,National Council for Homoeopathy,Official portal and mandate,2026,NCH,,https://nchpakistan.gov.pk/,2026-09-30,Pakistan,taxonomy/PROGRAMS_COMPLETE.md,"Regulates qualifications and practitioner registration under 1965 Act"
MED-026,official regulator page,National Council for Homoeopathy,Recognised colleges and degree awarding institutions,2026,NCH,,https://nchpakistan.gov.pk/Colleges.html,2026-09-30,Pakistan,taxonomy/PROGRAMS_COMPLETE.md,"Lists DHMS colleges and BHMS degree-awarding institutions; mutable"
MED-027,official provincial curriculum,Punjab Medical Faculty,New Scheme of Studies,2026,PMF,,https://pmfpunjab.edu.pk/PMF/SchemesOfStudies,2026-09-30,Punjab Pakistan,taxonomy/PROGRAMS_COMPLETE.md,"Two-year diploma technologies and equivalence distinctions"
MED-028,official provincial standard,Punjab Medical Faculty,Affiliation Criteria 2024 for Institutions of Allied Health Sciences Education,2024,PMF,,https://pmfpunjab.edu.pk/Downloads/AffiliationCriteria.pdf,2026-09-30,Punjab Pakistan,taxonomy/PROGRAMS_COMPLETE.md,"Program-specific institutional requirements"
MED-029,official regulator page,Faculty of Paramedical and Allied Health Sciences Khyber Pakhtunkhwa,Diploma Technologies and Regulatory Mandate,2026,FPAHS KP,,https://kpmf.edu.pk/fpma/,2026-09-30,Khyber Pakhtunkhwa Pakistan,taxonomy/PROGRAMS_COMPLETE.md,"Province-level diploma catalog differs from Punjab"
MED-030,official framework,Higher Education Commission Pakistan,National Qualifications Framework of Pakistan,2015,HEC,,https://www.hec.gov.pk/english/services/universities/pqf/Documents/National%20Qualification%20Framework%20of%20Pakistan.pdf,2026-09-30,Pakistan,taxonomy/PROGRAMS_COMPLETE.md,"Distinguishes professional bachelor qualifications from doctoral PhD level"
