effective_date,scheme,item,level,amount_pkr,source_tier,source_url
2023-07-10,Study Scheme-2018 (updated 2023),registration_12yr,OL,10500,A,https://www.icmainternational.com/StudentNotices_PDF/cir_edu_06072023.pdf
2023-07-10,Study Scheme-2018 (updated 2023),registration_14yr,ML1,40000,A,https://www.icmainternational.com/StudentNotices_PDF/cir_edu_06072023.pdf
2023-07-10,Study Scheme-2018 (updated 2023),registration_16yr,ML2,52000,A,https://www.icmainternational.com/StudentNotices_PDF/cir_edu_06072023.pdf
2023-07-10,Study Scheme-2018 (updated 2023),coaching_dlp_per_course,OL1,14500,A,https://www.icmainternational.com/StudentNotices_PDF/cir_edu_06072023.pdf
2023-07-10,Study Scheme-2018 (updated 2023),coaching_dlp_per_course,OL2,17000,A,https://www.icmainternational.com/StudentNotices_PDF/cir_edu_06072023.pdf
2023-07-10,Study Scheme-2018 (updated 2023),coaching_dlp_per_course,ML1,20500,A,https://www.icmainternational.com/StudentNotices_PDF/cir_edu_06072023.pdf
2023-07-10,Study Scheme-2018 (updated 2023),coaching_dlp_per_course,ML2,21500,A,https://www.icmainternational.com/StudentNotices_PDF/cir_edu_06072023.pdf
2023-07-10,Study Scheme-2018 (updated 2023),coaching_dlp_per_course,SL1,23500,A,https://www.icmainternational.com/StudentNotices_PDF/cir_edu_06072023.pdf
2023-07-10,Study Scheme-2018 (updated 2023),coaching_dlp_per_course,SL2,24500,A,https://www.icmainternational.com/StudentNotices_PDF/cir_edu_06072023.pdf
2023-07-10,Study Scheme-2018 (updated 2023),coaching_dlp_per_course,PTM,12500,A,https://www.icmainternational.com/StudentNotices_PDF/cir_edu_06072023.pdf
2023-07-10,Study Scheme-2018 (updated 2023),examination_per_course,OL,4600,A,https://www.icmainternational.com/StudentNotices_PDF/cir_edu_06072023.pdf
2023-07-10,Study Scheme-2018 (updated 2023),examination_per_course,ML,5800,A,https://www.icmainternational.com/StudentNotices_PDF/cir_edu_06072023.pdf
2023-07-10,Study Scheme-2018 (updated 2023),examination_per_course,SL,7500,A,https://www.icmainternational.com/StudentNotices_PDF/cir_edu_06072023.pdf
2024-07-15,Study Scheme-2018 (updated 2023),registration_12yr,OL,11500,A,https://www.icmap.com.pk/StudentNotices_PDF/cir_edu_20072024.pdf
2024-07-15,Study Scheme-2018 (updated 2023),registration_14yr,ML1,44000,A,https://www.icmap.com.pk/StudentNotices_PDF/cir_edu_20072024.pdf
2024-07-15,Study Scheme-2018 (updated 2023),registration_16yr,ML2,57000,A,https://www.icmap.com.pk/StudentNotices_PDF/cir_edu_20072024.pdf
2024-07-15,Study Scheme-2018 (updated 2023),coaching_dlp_per_course,OL1,16000,A,https://www.icmap.com.pk/StudentNotices_PDF/cir_edu_20072024.pdf
2024-07-15,Study Scheme-2018 (updated 2023),coaching_dlp_per_course,OL2,18700,A,https://www.icmap.com.pk/StudentNotices_PDF/cir_edu_20072024.pdf
2024-07-15,Study Scheme-2018 (updated 2023),coaching_dlp_per_course,ML1,22500,A,https://www.icmap.com.pk/StudentNotices_PDF/cir_edu_20072024.pdf
2024-07-15,Study Scheme-2018 (updated 2023),coaching_dlp_per_course,ML2,23700,A,https://www.icmap.com.pk/StudentNotices_PDF/cir_edu_20072024.pdf
2024-07-15,Study Scheme-2018 (updated 2023),coaching_dlp_per_course,SL1,26000,A,https://www.icmap.com.pk/StudentNotices_PDF/cir_edu_20072024.pdf
2024-07-15,Study Scheme-2018 (updated 2023),coaching_dlp_per_course,SL2,27000,A,https://www.icmap.com.pk/StudentNotices_PDF/cir_edu_20072024.pdf
2024-07-15,Study Scheme-2018 (updated 2023),coaching_dlp_per_course,PTM,14000,A,https://www.icmap.com.pk/StudentNotices_PDF/cir_edu_20072024.pdf
2024-07-15,Study Scheme-2018 (updated 2023),examination_per_course,OL,5100,A,https://www.icmap.com.pk/StudentNotices_PDF/cir_edu_20072024.pdf
2024-07-15,Study Scheme-2018 (updated 2023),examination_per_course,ML,6400,A,https://www.icmap.com.pk/StudentNotices_PDF/cir_edu_20072024.pdf
2024-07-15,Study Scheme-2018 (updated 2023),examination_per_course,SL,8250,A,https://www.icmap.com.pk/StudentNotices_PDF/cir_edu_20072024.pdf
2025-07-16,Study Scheme-2025,registration_12yr,OL1,12500,A,https://www.icmap.com.pk/StudentNotices_PDF/cir_edu_15072025.pdf
2025-07-16,Study Scheme-2025,registration_14yr,ML1,48500,A,https://www.icmap.com.pk/StudentNotices_PDF/cir_edu_15072025.pdf
2025-07-16,Study Scheme-2025,registration_16yr,ML2,63000,A,https://www.icmap.com.pk/StudentNotices_PDF/cir_edu_15072025.pdf
2025-07-16,Study Scheme-2025,annual_subscription,ALL,3800,A,https://www.icmap.com.pk/StudentNotices_PDF/cir_edu_15072025.pdf
2025-07-16,Study Scheme-2025,coaching_dlp_per_course,OL1,17500,A,https://www.icmap.com.pk/StudentNotices_PDF/cir_edu_15072025.pdf
2025-07-16,Study Scheme-2025,coaching_dlp_per_course,OL2,20500,A,https://www.icmap.com.pk/StudentNotices_PDF/cir_edu_15072025.pdf
2025-07-16,Study Scheme-2025,coaching_dlp_per_course,ML1,25000,A,https://www.icmap.com.pk/StudentNotices_PDF/cir_edu_15072025.pdf
2025-07-16,Study Scheme-2025,coaching_dlp_per_course,ML2,26000,A,https://www.icmap.com.pk/StudentNotices_PDF/cir_edu_15072025.pdf
2025-07-16,Study Scheme-2025,coaching_dlp_per_course,SL1,28500,A,https://www.icmap.com.pk/StudentNotices_PDF/cir_edu_15072025.pdf
2025-07-16,Study Scheme-2025,coaching_dlp_per_course,SL2,30500,A,https://www.icmap.com.pk/StudentNotices_PDF/cir_edu_15072025.pdf
2025-07-16,Study Scheme-2025,coaching_dlp_per_course,PTM_L1,15500,A,https://www.icmap.com.pk/StudentNotices_PDF/cir_edu_15072025.pdf
2025-07-16,Study Scheme-2025,coaching_dlp_per_course,PTM_L2,15500,A,https://www.icmap.com.pk/StudentNotices_PDF/cir_edu_15072025.pdf
2025-07-16,Study Scheme-2025,examination_per_course,OL1,5500,A,https://www.icmap.com.pk/StudentNotices_PDF/cir_edu_15072025.pdf
2025-07-16,Study Scheme-2025,examination_per_course,OL2,5500,A,https://www.icmap.com.pk/StudentNotices_PDF/cir_edu_15072025.pdf
2025-07-16,Study Scheme-2025,examination_per_course,ML1,7000,A,https://www.icmap.com.pk/StudentNotices_PDF/cir_edu_15072025.pdf
2025-07-16,Study Scheme-2025,examination_per_course,ML2,7000,A,https://www.icmap.com.pk/StudentNotices_PDF/cir_edu_15072025.pdf
2025-07-16,Study Scheme-2025,examination_per_course,SL1,9000,A,https://www.icmap.com.pk/StudentNotices_PDF/cir_edu_15072025.pdf
2025-07-16,Study Scheme-2025,examination_per_course,SL2,9000,A,https://www.icmap.com.pk/StudentNotices_PDF/cir_edu_15072025.pdf
2025-07-16,Study Scheme-2025,examination_per_course,PTM_L1,5600,A,https://www.icmap.com.pk/StudentNotices_PDF/cir_edu_15072025.pdf
2025-07-16,Study Scheme-2025,examination_per_course,PTM_L2,5600,A,https://www.icmap.com.pk/StudentNotices_PDF/cir_edu_15072025.pdf
2026-09-30,Study Scheme-2025,registration_12yr,OL1,13200,A,https://www.icmap.com.pk/fee_structure.aspx
2026-09-30,Study Scheme-2025,registration_14yr,ML1,51000,A,https://www.icmap.com.pk/fee_structure.aspx
2026-09-30,Study Scheme-2025,registration_16yr,ML2,66200,A,https://www.icmap.com.pk/fee_structure.aspx
2026-09-30,Study Scheme-2025,annual_subscription,ALL,4000,A,https://www.icmap.com.pk/fee_structure.aspx
2026-09-30,Study Scheme-2025,paper_to_paper_assessment_route,ALL,29000,A,https://www.icmap.com.pk/fee_structure.aspx
2026-09-30,Study Scheme-2025,coaching_dlp_per_course,OL1,18400,A,https://www.icmap.com.pk/fee_structure.aspx
2026-09-30,Study Scheme-2025,coaching_dlp_per_course,OL2,21500,A,https://www.icmap.com.pk/fee_structure.aspx
2026-09-30,Study Scheme-2025,coaching_dlp_per_course,ML1,26300,A,https://www.icmap.com.pk/fee_structure.aspx
2026-09-30,Study Scheme-2025,coaching_dlp_per_course,ML2,27300,A,https://www.icmap.com.pk/fee_structure.aspx
2026-09-30,Study Scheme-2025,coaching_dlp_per_course,SL1,30000,A,https://www.icmap.com.pk/fee_structure.aspx
2026-09-30,Study Scheme-2025,coaching_dlp_per_course,SL2,32000,A,https://www.icmap.com.pk/fee_structure.aspx
2026-09-30,Study Scheme-2025,coaching_dlp_per_course,PTM,16300,A,https://www.icmap.com.pk/fee_structure.aspx
