id,title,authors,year,edition,isbn,status,source_url,learms_path
B001,Clean Code: A Handbook of Agile Software Craftsmanship,Robert C. Martin,2008,1,9780132350884,sourced metadata,https://www.abebooks.com/9780132350884/Clean-Code-Handbook-Agile-Software-0132350882/plp,software engineering
B002,The Pragmatic Programmer: Your Journey to Mastery,Andrew Hunt; David Thomas,2019,20th Anniversary Edition,9780135957059,sourced metadata,https://www.abebooks.com/9780135957059/Pragmatic-Programmer-Journey-Mastery-20th-0135957052/plp,professional practice
B003,Structure and Interpretation of Computer Programs,Harold Abelson; Gerald Jay Sussman; Julie Sussman,1996,2nd,9780262510875,sourced metadata,https://www.waterstones.com/book/structure-and-interpretation-of-computer-programs/harold-abelson/gerald-jay-sussman/9780262510875,cs theory
B004,Introduction to Algorithms,Cormen; Leiserson; Rivest; Stein,2022,4th,9780262046305,sourced metadata,https://www.penguinrandomhouse.com/books/704214/introduction-to-algorithms-fourth-edition-by-thomas-h-cormen-charles-e-leiserson-ronald-l-rivest-and-clifford-stein/,algorithms
B005,Designing Data-Intensive Applications,Martin Kleppmann,2017,,9781449373320,sourced metadata,https://books.google.com/books/about/Designing_Data_intensive_Applications.html?id=BM7woQEACAAJ,data engineering
B006,Artificial Intelligence: A Modern Approach,Stuart Russell; Peter Norvig,2020,4th,not found,official title source only,https://aima.cs.berkeley.edu/,ai
B007,Code Complete,Steve McConnell,not found,not found,not found,source pending,not found,software construction
B008,Refactoring,Martin Fowler,not found,not found,not found,source pending,not found,software engineering
B009,Design Patterns,Gamma; Helm; Johnson; Vlissides,not found,not found,not found,source pending,not found,software architecture
B010,Operating System Concepts,Silberschatz et al.,not found,not found,not found,source pending,not found,operating systems
