id,type,author_or_org,year,title,url_or_doi,accessed_utc,notes
S001,Report,ACM/IEEE-CS/AAAI Joint Task Force,2023,Computer Science Curricula 2023,https://csed.acm.org/,2026-09-30,"CS knowledge areas; AI, security, HCI, graphics updates"
S002,Ontology,Association for Computing Machinery,2012,ACM Computing Classification System,https://www.acm.org/publications/class-2012,2026-09-30,"Poly-hierarchical computing taxonomy; DOI article 10.1145/2366316.2366320"
S003,Report,IEEE Computer Society,2024,Guide to the Software Engineering Body of Knowledge SWEBOK v4.0,https://www.computer.org/education/bodies-of-knowledge/software-engineering,2026-09-30,"Software engineering knowledge areas"
S004,Report,ACM/IEEE-CS Task Group,2017,Information Technology Curricula 2017,https://www.acm.org/binaries/content/assets/education/curricula-recommendations/it2017.pdf,2026-09-30,"Information technology competencies"
S005,Report,ACM/AIS,2020,IS2020 Competency Model for Undergraduate Programs in Information Systems,https://www.acm.org/binaries/content/assets/education/curricula-recommendations/is2020.pdf,2026-09-30,"Information systems competency realms"
S006,Report,ACM Data Science Task Force,2021,Computing Competencies for Undergraduate Data Science Curricula,https://dstf.acm.org/,2026-09-30,"Data science computing competencies"
S007,Report,NIST,2020,NICE Workforce Framework for Cybersecurity SP 800-181 Rev. 1,https://doi.org/10.6028/NIST.SP.800-181r1,2026-09-30,"Cybersecurity work roles and tasks"
S008,Report,NIST,2011,The NIST Definition of Cloud Computing SP 800-145,https://doi.org/10.6028/NIST.SP.800-145,2026-09-30,"Cloud characteristics, service models, deployment models"
S009,Report,Joint Task Force on Cybersecurity Education,2017,Cybersecurity Curricula 2017,https://dl.acm.org/doi/book/10.1145/3184594,2026-09-30,"Cybersecurity knowledge areas and cross-cutting concepts"
S010,Report,NIST,2023,Artificial Intelligence Risk Management Framework AI RMF 1.0,https://doi.org/10.6028/NIST.AI.100-1,2026-09-30,"Trustworthy/responsible AI risk management"
S011,Book,Google SRE Team,2016,Site Reliability Engineering: How Google Runs Production Systems,https://sre.google/sre-book/table-of-contents/,2026-09-30,"SRE principles, SLOs, error budgets, toil"
S012,Report,DORA/Google Cloud,2022,Accelerate State of DevOps Report 2022,https://dora.dev/research/2022/dora-report/2022-dora-accelerate-state-of-devops-report.pdf,2026-09-30,"Software delivery performance metrics"
S013,Report,NIST,2018,Blockchain Technology Overview NISTIR 8202,https://doi.org/10.6028/NIST.IR.8202,2026-09-30,"Blockchain components, consensus, smart contracts, limitations"
S014,Report,NIST,2018,Fog Computing Conceptual Model SP 500-325,https://doi.org/10.6028/NIST.SP.500-325,2026-09-30,"Fog/edge conceptual model"
S015,Report,NIST,2017,Framework for Cyber-Physical Systems SP 1500-201,https://doi.org/10.6028/NIST.SP.1500-201,2026-09-30,"CPS facets/aspects and IoT-adjacent systems"
S016,Report,IEEE Internet Initiative,2015,Towards a Definition of the Internet of Things,https://iot.ieee.org/images/files/pdf/IEEE_IoT_Towards_Definition_Internet_of_Things_Revision1_27MAY15.pdf,2026-09-30,"IoT definitions and architecture initiative"
S017,Report,ACM/IEEE-CS Joint Task Force,2016,Computer Engineering Curricula 2016,https://www.acm.org/binaries/content/assets/education/ce2016-final-report.pdf,2026-09-30,"Embedded systems, computer architecture, networks"
S018,Report,CNCF,2025,CNCF Charter and Cloud Native Definition,https://github.com/cncf/foundation/blob/main/charter.md,2026-09-30,"Cloud-native definition"
S019,Report,NIST,2019,Security Strategies for Microservices-based Application Systems SP 800-204,https://doi.org/10.6028/NIST.SP.800-204,2026-09-30,"Microservices security strategies"
S020,Report,NIST,2024,NIST Post-Quantum Cryptography Standardization,https://csrc.nist.gov/projects/post-quantum-cryptography/post-quantum-cryptography-standardization,2026-09-30,"PQC standards and quantum threat context"
S021,Report,NIST,2020,NIST Privacy Framework Version 1.0,https://doi.org/10.6028/NIST.CSWP.01162020,2026-09-30,"Privacy risk management and privacy engineering"
S022,Report,IGDA,2008,IGDA Curriculum Framework,https://igda.org/sigs/game-education/,2026-09-30,"Game education framework pointer and revision status"
S023,Paper,Hewett et al.,1992,ACM SIGCHI Curricula for Human-Computer Interaction,https://doi.org/10.1145/2594128,2026-09-30,"HCI curriculum definition"
S024,Paper,Kreuzberger/Kühl/Hirschl,2022,Machine Learning Operations MLOps: Overview Definition and Architecture,https://arxiv.org/pdf/2205.02302,2026-09-30,"MLOps principles and components"
S025,Book,Reis and Housley,2022,Fundamentals of Data Engineering,https://www.oreilly.com/library/view/fundamentals-of-data/9781098108298/,2026-09-30,"Data engineering lifecycle"
S026,Paper,Armbrust/Ghodsi/Xin/Zaharia,2021,Lakehouse: A New Generation of Open Platforms that Unify Data Warehousing and Advanced Analytics,https://people.eecs.berkeley.edu/~matei/papers/2021/cidr_lakehouse.pdf,2026-09-30,"Lakehouse architecture"
S027,Article,ACM Communications,2024,Pioneering Sustainable IT with Green Computing,https://cacm.acm.org/blogcacm/pioneering-sustainable-it-with-green-computing/,2026-09-30,"Green computing overview"
S028,Paper,Liu et al.,2012,Renewable and Cooling Aware Workload Management for Sustainable Data Centers,https://doi.org/10.1145/2318857.2254779,2026-09-30,"Data-center energy optimization"
S029,Report,NIST,2021,A Framework for the Composition of IoT and CPS Capabilities,https://doi.org/10.1109/COMPSAC51774.2021.00176,2026-09-30,"IoT/CPS capability composition"
S030,Website,Cisco,2024,What is AIOps?,https://www.cisco.com/site/us/en/learn/topics/artificial-intelligence/what-is-aiops.html,2026-09-30,"AIOps definition attributed to Gartner"
